{
  "post-cart-1" : {
    "transaction" : "post-cart-1",
    "sampleCount" : 20,
    "errorCount" : 0,
    "errorPct" : 0.0,
    "meanResTime" : 280.74999999999994,
    "medianResTime" : 315.0,
    "minResTime" : 173.0,
    "maxResTime" : 364.0,
    "pct1ResTime" : 344.1000000000001,
    "pct2ResTime" : 363.15,
    "pct3ResTime" : 364.0,
    "throughput" : 5.357621216180016,
    "receivedKBytesPerSec" : 82.77812541856416,
    "sentKBytesPerSec" : 2.8305401151888563
  },
  "post-cart-checkout" : {
    "transaction" : "post-cart-checkout",
    "sampleCount" : 20,
    "errorCount" : 0,
    "errorPct" : 0.0,
    "meanResTime" : 204.25,
    "medianResTime" : 194.0,
    "minResTime" : 186.0,
    "maxResTime" : 244.0,
    "pct1ResTime" : 230.8,
    "pct2ResTime" : 243.35,
    "pct3ResTime" : 244.0,
    "throughput" : 5.549389567147614,
    "receivedKBytesPerSec" : 36.77744129786348,
    "sentKBytesPerSec" : 4.41133115982242
  },
  "post-cart-0" : {
    "transaction" : "post-cart-0",
    "sampleCount" : 20,
    "errorCount" : 0,
    "errorPct" : 0.0,
    "meanResTime" : 156.15,
    "medianResTime" : 153.0,
    "minResTime" : 150.0,
    "maxResTime" : 187.0,
    "pct1ResTime" : 170.20000000000002,
    "pct2ResTime" : 186.2,
    "pct3ResTime" : 187.0,
    "throughput" : 5.380683346785042,
    "receivedKBytesPerSec" : 0.4991844901802529,
    "sentKBytesPerSec" : 3.1212167070217918
  },
  "Total" : {
    "transaction" : "Total",
    "sampleCount" : 120,
    "errorCount" : 0,
    "errorPct" : 0.0,
    "meanResTime" : 249.90833333333325,
    "medianResTime" : 192.0,
    "minResTime" : 150.0,
    "maxResTime" : 535.0,
    "pct1ResTime" : 465.9,
    "pct2ResTime" : 471.0,
    "pct3ResTime" : 528.6999999999998,
    "throughput" : 26.103980857080703,
    "receivedKBytesPerSec" : 241.59863090058732,
    "sentKBytesPerSec" : 16.688873178159668
  },
  "get" : {
    "transaction" : "get",
    "sampleCount" : 20,
    "errorCount" : 0,
    "errorPct" : 0.0,
    "meanResTime" : 252.0,
    "medianResTime" : 255.0,
    "minResTime" : 168.0,
    "maxResTime" : 368.0,
    "pct1ResTime" : 345.30000000000007,
    "pct2ResTime" : 367.0,
    "pct3ResTime" : 368.0,
    "throughput" : 5.154639175257732,
    "receivedKBytesPerSec" : 55.78990818298969,
    "sentKBytesPerSec" : 2.0185647551546393
  },
  "post-cart" : {
    "transaction" : "post-cart",
    "sampleCount" : 20,
    "errorCount" : 0,
    "errorPct" : 0.0,
    "meanResTime" : 437.34999999999997,
    "medianResTime" : 468.5,
    "minResTime" : 323.0,
    "maxResTime" : 535.0,
    "pct1ResTime" : 504.40000000000003,
    "pct2ResTime" : 533.5,
    "pct3ResTime" : 535.0,
    "throughput" : 5.141388174807197,
    "receivedKBytesPerSec" : 79.91419304305913,
    "sentKBytesPerSec" : 5.698706619537275
  },
  "get-cart" : {
    "transaction" : "get-cart",
    "sampleCount" : 20,
    "errorCount" : 0,
    "errorPct" : 0.0,
    "meanResTime" : 168.95000000000002,
    "medianResTime" : 165.5,
    "minResTime" : 161.0,
    "maxResTime" : 203.0,
    "pct1ResTime" : 181.8,
    "pct2ResTime" : 201.95,
    "pct3ResTime" : 203.0,
    "throughput" : 5.361930294906166,
    "receivedKBytesPerSec" : 37.50287994302949,
    "sentKBytesPerSec" : 2.3196632037533513
  }
}